<?xml version="1.0"?>
<!DOCTYPE hibernate-mapping PUBLIC "-//Hibernate/Hibernate Mapping DTD 3.0//EN"
"http://hibernate.sourceforge.net/hibernate-mapping-3.0.dtd">
<!-- Generated May 24, 2011 7:06:05 PM by Hibernate Tools 3.4.0.CR1 -->

<hibernate-mapping>
    <class name="HelloWorld.HelloPojo" table="HELLO">
        <id name="empId" >
            <column name="EMPID" precision="22" scale="0" />
            <generator class="native" />
        </id>
        <property name="empName" type="string">
            <column name="EMPNAME" length="50" />
        </property> 
         
         <property name="company" type="string">
            <column name="COMPANY" length="50" />
        </property> 
    </class>
</hibernate-mapping>
