<?xml version="1.0" encoding="UTF-8"?>
<!DOCTYPE hibernate-configuration PUBLIC
       "-//Hibernate/Hibernate Configuration DTD 3.0//EN"
       "http://hibernate.sourceforge.net/hibernate-configuration-3.0.dtd">
<hibernate-configuration>
 <session-factory>
 <property name="dialect">org.hibernate.dialect.DerbyDialect</property>
   <property name="connection.driver_class">org.apache.derby.jdbc.ClientDriver</property>
   <property name="connection.url">jdbc:derby://localhost:1527/Derby</property>
   <property name="connection.username">root</property>
   <property name="connection.password">root</property>
   <property name="hibernate.current_session_context_class">thread</property>
   <property name="hibernate.show_sql">true</property>
   <property name="hibernate.hbm2ddl.auto">update</property>
   <property name="hibernate.default_schema">sumit</property>
   
    <mapping resource="HelloWorld/hello.hbm.xml" />
   
  
 </session-factory>
</hibernate-configuration>